{"cameraMode":{"drawMode":0,"name":"Shaded","section":"Shading Mode"},"sceneLighting":true,"audioPlay":false,"sceneViewState":{"m_AlwaysRefresh":false,"showFog":true,"showSkybox":true,"showFlares":true,"showImageEffects":true,"showParticleSystems":true,"showVisualEffectGraphs":true,"m_FxEnabled":true},"in2DMode":false,"pivot":{"x":178.28756713867188,"y":229.72792053222657,"z":0.5803756713867188},"rotation":{"x":0.0374743714928627,"y":0.029974371194839479,"z":-0.0011245700297877193,"w":0.9988476634025574},"size":162.78721618652345,"orthographic":false}